MachineIdentifier,HasDetections
0000028988387b115f69f31a3bf04f09,0.0
000007535c3f730efa9ea0b7ef1bd645,0.0
000007905a28d863f6d0d597892cd692,0.0
00000b11598a75ea8ba1beea8459149f,1.0
000014a5f00daa18e76b81417eeb99fc,1.0
000016191b897145d069102325cab760,1.0
0000161e8abf8d8b89c5ab8787fd712b,1.0
000019515bc8f95851aff6de873405e8,1.0
00001a027a0ab970c408182df8484fce,0.0
00001b3b3cf8c8c079a272ce51031753,0.0
00001b924fcc6922321cfadbafd8a91a,1.0
00001f26e9e5775277d6231fc6ac9e70,0.0
000024872c81cf03fa862aa8f99e0984,0.0
0000258d2b847c7549150cfec6464473,1.0
000027c68b89acb49d4017763b043449,0.0
00002a7fd74f9ca4a59a679a7cc80388,0.0
00002c6cccecdef94aaa557d0458ab8a,1.0
0000378813e163d00d5e5f7e0a12b6d9,0.0
000037f84e21c83328ba6963cdac497b,0.0
000038f24a1ee98931456b3e49f7934b,0.0
000039104d7f42c15fdc0d1bcb9d4b4a,0.0
000039c280a86ff549f7f3526e918ae4,1.0
00003ad63e561a25415551cd47d426d5,0.0
00003e5e679ccfe7a13e953c47dd584f,1.0
0000422df51e713f82b98e04cb883cb5,1.0
00004348c2a11460f58a9ae6bca70e2e,0.0
000046e59c37136173428e560acbe3a2,1.0
000048a73fb4b6a94cc169389208032d,0.0
00004a558a836aa7b6ca3a29ed4a0ac3,0.0
00005727315ca5f2846667ab415d7c5c,0.0
00005c68016eab19fb33bdaa8a1d8bb7,1.0
000060ec6113f25f078e79eb48983b7c,1.0
000061de7b3f42019db90eeb120ac3ac,0.0
000064a54c1de244733828608b9ab915,0.0
0000665576f3439c9c1db30d878a821e,1.0
000069097eaa0e375996f266eead5f5e,1.0
000069a13daa47d692172005ca950bec,1.0
00006cc3d2853283ab5cac205c187bc4,1.0
000072b66474760a81df6456795aad33,1.0
000079a261a28c51c4ae8393c7fd97e8,0.0
00007a70254b648e445a6e1937ab3efb,1.0
00007b97fb212999b23bf4a2851313f1,1.0
000088920334d5c05034383567da0ee3,0.0
00008e8686cffcb475d43646a3aeba26,0.0
000090720df1dd004c5cf6cd1c615643,1.0
00009a420a0c7b1c5298d372e415b22b,0.0
00009c2e757d5c8cb04956c18e2b8cc5,1.0
0000a06a837838237a86cfd598e84c87,1.0
0000a313e380907701398b3c61f58848,0.0
0000a559e4f2f5cad96124101d7d94e5,0.0
0000a59784f4658c3a9820d801cc6e28,1.0
0000a67d760d31bb2c5af195b4627ac4,0.0
0000a8f6da8be7c59a5ce7603406bfd0,1.0
0000a998901524f98515c63bfae8472a,0.0
0000aad9182f51a6771d29f958f25f6d,0.0
0000ab5c2c4d4928410c1473010141c8,1.0
0000ae32f2907b029528cbcc7f7c6f7f,0.0
0000b128ab946f98fb2786d2486ec1d9,1.0
0000b4df42b097d7542baf434f8ab157,1.0
0000b73b09940321a18f4d3ea53555a2,1.0
0000b864e7ad567047f57959c8d4f557,1.0
0000b8f65700466bfcedc0b7daa7fb3c,1.0
0000ba348123780f135d51d721348be3,1.0
0000ba435580256a4a2c9e3b53fcb39a,0.0
0000bd523ae0edc8668820992d6a41be,0.0
0000be7653a11a09cc08f682c76bfa2a,0.0
0000be9215711d2597a5613b5ef0434e,0.0
0000c46dc4f3b3f07b11d0d85e02dad5,0.0
0000c5223307907251345099bfa89315,0.0
0000c56c3a31282e5093a20f20bc68ea,1.0
0000c76e942d4788db6dfdd5798fee8b,1.0
0000cbc2cc07aa89b28f2bd131b93156,0.0
0000cc9bb0870e747fa9da65a7f3f5cd,0.0
0000ce016e619f5c9c0b80b7203d9156,0.0
0000d2c33cde94a58c7d265850b87a67,0.0
0000d322f204595d1d90eac4cb8a6e6e,1.0
0000d4bbeecaf9c95116e32584cd6b33,1.0
0000d6e021b8a571a291389130c7bd99,0.0
0000d77137362fc2a7d5d19e00f3353b,1.0
0000d844f6ceccffc4c87b1e9a1db583,1.0
0000df39b80910bd5be7cf128784882a,1.0
0000e24337fb88876655a0eecd34de09,1.0
0000e329d11fc22f0ca0025552c0e802,0.0
0000e72a6cd81f0c62a08082155c9c71,1.0
0000e959585d80420d4c6920ee0bfc20,1.0
0000eb596d13fc67cfa8287a0a69f088,0.0
0000ec8d0669eb6de32f38a05ed5318a,1.0
0000ee2daf1d4728a9a911a700ce742d,0.0
0000f49725868ef9466958a96e91f789,1.0
0000f973058bdcc7f2028e3190e4af45,1.0
0000f99048ec1abc1b575e251cd01027,0.0
0000fdf6f3a37299d0f1ba4917a82c11,0.0
0000fe3f13f3efcda438d85519367d03,1.0
000100b13728cd285d66cf19d4b7192b,0.0
0001048baea138ccc726ce82e25601ea,1.0
00010524d18ea0a651b8d83ee76f262e,1.0
00010a37c34ebfb67cf79d7366cf3f56,0.0
00010a7b13dcff99c950a65eca2e4808,0.0
00010d86b240291aca954eb5d2ff3a01,1.0
00010fbf35402f740b43e33812d4b453,1.0
000116cc7c00c95434943d95a598e1ea,1.0
00011746275adcb7b23e8e36b20b4200,1.0
000117cc3f28c534960250b7c00e5f25,1.0
0001183a6795968352a77fa7f2757510,1.0
00011aa2d898933a9de2402baf98d393,0.0
00011cf3a7f65db79d23ede6cea1c482,0.0
00011eb8bde7bc39ffc4cedc57f34f35,0.0
00011f5ea1e83982885374c6ab433a7b,0.0
000121bd95fc14148b73e3a5eb40de66,0.0
0001221d7104ba4c9bba5f21c5af3823,0.0
000122bd82d8f08048877cf4c3ea0396,0.0
0001255814d41c6be861f6bf54a38f76,0.0
000126b1aa5b88df4a24ab2f0b1c5ae4,1.0
00012772b3fb5a3840d749e3a958b46e,0.0
0001281390a9d344fa9b0ef8337c7ee9,1.0
00012a07bf8eb91b72044a55c5ed38a9,0.0
000133deeec0a2d608b13377fa814498,1.0
0001345661be11bb3531d7a6f6f15695,1.0
00013510e91a59ee2ee92e064910f425,1.0
000135806cad19b328b929d8c5206449,0.0
0001375303eb40843f72af4c95dc513b,1.0
0001398d313521f0a6ca6cc1315ca748,1.0
00013e5ab157f209e3a4dd836dd108ae,0.0
00013fe373e22cc7ad47e3224b8592ab,0.0
000143e604f86e38c23c6e858c02d562,1.0
000146781cfaf2c5fa482376a90b474b,1.0
00014a34a5c67114b17a7497f6387c8a,1.0
00014d0db81d0a6ad0f9a17e65be3d0d,1.0
00014f3eae227c8edac65e5e4912be46,1.0
00014f69c05cf114a6907bd7bbc8554a,1.0
0001511435844fa9a3718b7a6dae0d22,0.0
000153ac9f764dc83842d926a25c29bb,0.0
00015d0ab42497e921d72a905d4f00b7,1.0
00015f3663dc7b2b7b10aa8ae8a44001,0.0
00015f3e32778b2f9c4ac4a3d21a7bcd,1.0
0001610777a0a1b81192913abab8e226,1.0
000161bfbbd8504b35241687b9c71204,1.0
000163b877b6621c1cd078f6778e36fc,1.0
000164411a99ebd6935520072674c8b4,0.0
0001648853138dd3c1ef772e2080ee1e,1.0
000169d2fc7eb9126270324cf997be56,0.0
00016bfb0aab1000c28573c94906323c,0.0
00016c9d7670346f6d2f256c0091745a,1.0
00016d4e07b17f77200bbcccff05e61b,1.0
000171542375a3bc2f87e14f135f671f,1.0
0001796c4cbebe00afe80a52e4ed1d31,1.0
00017be4a960fffb14eb8a03be294494,0.0
00017c458b5bf8592e2c1724fc366347,1.0
00017c8e5572b1ac9714bec63539f326,1.0
00017cb450efe6ead289fb834f1b2468,0.0
00017d82a1439270936460fb05ff8977,0.0
000182abf815a4c4d5c3c8014a0399cb,1.0
00018409da2d941df5463a564407aab7,1.0
0001854cbf8598097588c73314c51399,0.0
00018972595926de2486649a370f1397,1.0
00018ab62ec28df0ce795a2ac0f3fd2e,1.0
00018eaae4389c515767f6643fb86e55,1.0
0001922a97c1db20b027872c3f34fcd0,1.0
000195672455da6bfed4e4e9479dc729,0.0
000196a4404ffb68c183de9a7470e830,0.0
000196efc6196a801de6345cc543d516,1.0
0001984fe7c6563b505f9c9d5aa37fec,0.0
00019bc1e9c8bb16a2fe2f5b64964718,1.0
00019dd8ad51f0921fa158d89755cf55,0.0
0001a2872a726ad4149c28df8542c074,0.0
0001a2f6bf90a849de6ac7280bce0549,0.0
0001a40a9858066fdfadb6dea160bc85,0.0
0001a4d46556b7c086b100b36830d9c1,0.0
0001a78d8ec54cdb41fb264beefa1270,0.0
0001a7d71d4e8371a3452506524059b0,1.0
0001af6558f5a7a93da8f1b82c03b547,1.0
0001aff4cbd542fc29f1e4e7e3303fde,1.0
0001b35aa123e6fbc38cf5d8198687a6,0.0
0001b45161a1b21e3d691170e96766f4,1.0
0001b4a561005e00c1f403c1174845d1,0.0
0001b68edeae386627d687b4344aa419,1.0
0001bc0605a57345d16ae8c9f52549a9,0.0
0001bf81338f755715e05890de7dffe9,1.0
0001c87dc139a533adce41cfc8a4fcc9,1.0
0001ca275cb604672d986c0b5b857fb8,1.0
0001cc2b237f8b5fba286ac5f4aa2122,1.0
0001cd327a97c0fddb52347c7901462c,0.0
0001cd58a01d435f645f86923895b0c2,1.0
0001d2c093d9b08bf90c529cf5e75112,0.0
0001d466a63eda61d3f4ef51d290ae6b,0.0
0001d97b0550f6dd91ab4eddf4992d9d,1.0
0001e8668d49e79480f8987807991ff5,0.0
0001e88bd9d4aba16856e65b72250eec,0.0
0001e8b577b37850f44dff7a97875aa8,1.0
0001e95f2dcf199184c52ffaf28b056a,1.0
0001ed331179e09c84fdc1af13466325,0.0
0001eeb0be6f984fe8fb74517f9e1e1f,1.0
0001eee57aca7e9a7e33ca5c20a3b68c,0.0
0001efb52a2bbc53a858ec7bc4eef452,0.0
0001f0f864be8f5df05087cc9c98b66f,1.0
0001f38dddfd02e2fab5bf1ca91cf261,0.0
0001f4cb976579f0abf0d0688467264f,1.0
0001f5fc7695575b65750802bcc2d6f8,0.0
0001f71b30001fa01338e7956ffb55cf,0.0
0001fb125bdfaf430a5d7051da7cc04e,1.0
0001fdd8e828751b6ca27668de9e2e6e,0.0
0002028c541ff91b6e5da2f5c24f681c,0.0
000204a8acb30608e391a23d855b761a,1.0
00020581b0d73ea9771bd85004a67287,1.0
000206fc8af58d949dd9a67f07dfca10,0.0
000208689f7a651010b94c78367b439d,0.0
00020d904990b549a0e55d2049ade89c,1.0
00020f2195e8ad0c4778b604c11e13c5,1.0
00021008afaa7dd17bee61cc19c9c584,1.0
0002106ce8257e614a550c648ade9cce,1.0
0002121a9419dfb950278e7bdbeba5db,1.0
000216987021b60671b3b56a9223bb6e,1.0
000218dfe2a12236d5df04b72caf445a,0.0
0002202f4e11fa69959fd28f38b5d375,1.0
0002215c3de7469ccda8c51a6d132562,0.0
0002221fdc0bce2fa57a0e9287b5323d,1.0
000223a48246bdebb42972141647e891,1.0
000223e10e413d493d3337ba9b00eb82,0.0
000227aa16d32ed2ba75b33b058a64ba,1.0
000228120784cb674b741a3f7a88609d,0.0
00022966e89ac6997a52896564397e8b,0.0
00022a250560f62d10fd4d9ad01b0cce,0.0
00022a733782470a8ce191709e17b293,0.0
00022cb6e0e3122f7f6ca5f106f7b373,0.0
000231a8aefbcfdb8b87f89a7001584d,0.0
000231c11be445e9952c3bb312779220,1.0
0002324c6b1c67421621033346596e22,0.0
00023793298594d6f3385f027def59d5,1.0
00024314e5133e9e93cdf080accdd083,0.0
0002431532142aa0e98f78f7d0173fc6,1.0
000248c6af743885ff75dffa77b502c6,0.0
00024961889a1676d240cdcca84267b9,1.0
00024a626314789cab4b9353548f673a,1.0
00024a852c949f3558fa4208827cf980,0.0
00024e6f8b60fe59fb4ae35e4ba0eb83,1.0
00024f67951b7d8e28d03f1e648c0527,0.0
00024f89a4504dda1caad025f66c5b99,1.0
000254d84eb996216130c5ec4239c05b,1.0
000256ebea11cb8ca443bb6269c83629,1.0
00025cc0f9cef4056003d212776a136c,1.0
00025d08759d3d53b18689c3fd7d53ef,0.0
00025e178c68136cc6d84b51aa52ecbf,0.0
0002651de87b4ae0779024ec9a2936ac,1.0
0002653d3eac420ae2119a72570ca60f,0.0
000266bd294b3b5eb4f6454a130c5495,1.0
00026b1d488f031e5bb85ccfb8a0a8f4,1.0
00026d4895dfa1e927d7ea8d909d0a73,1.0
00026df87e853f51a8964b908b5fd87e,0.0
00026efdecced2d31e5426b8bbca4a60,1.0
000274cda6e4555e739614d72e976186,1.0
000275423fda48f0f2e69fdd42e074a9,0.0
000275566a68a2de86b8c3b84431b8b7,1.0
00027620bc1ebf555416e8abbc02d2eb,0.0
00027ee87211a6b50e301db70df7c04c,0.0
0002858b034ba88827c7e3660c4c2a2a,1.0
00028b964f08c53384fd7faf05b85c7b,0.0
00028be02fbeb3c63838915e5b0239b8,0.0
00028c90c3ffab5b2de8c7d72fec839a,0.0
000290033acd61e8aedd244f14eaed04,1.0
00029051731b6b867244a40e07a50b04,1.0
0002970db65bdb560b207735f3ccb4bf,1.0
00029c67914f27a81286cbe50493ac1a,1.0
00029cca5fcf990ac01885501bfe0476,0.0
00029eca9b12e89de52154cbebaf65fc,1.0
00029ecf32eff7ff0640baafb02ac1df,0.0
0002a395bd7850fee93fb5577c8d769b,0.0
0002aa0c6c21e9af551726afc5e007d8,0.0
0002aa5492c3a647ad05b7dee7f1893a,0.0
0002ab67947808504e808a3f8270a590,0.0
0002ad0588be1a77d6f7b62e7a073814,1.0
0002ae9052dae4d4c190cf1d13ca4ad0,0.0
0002b0a9a055a073b8ed0a1bb7beec31,1.0
0002b528f6cc0790138f08473045a66d,0.0
0002b82465903cb6d0891d33ac466e55,1.0
0002b8bf718d0cf0a4630817ece1ac9d,1.0
0002bad9e93df6b90e814910d6293391,0.0
0002bbe8aec34047b03e13b384b7b94a,0.0
0002bf0d372fcf9e585eb04febbf01de,0.0
0002bf344f15abb0356127deaa753f8d,0.0
0002bfc3e686790c018d7e75df930c34,0.0
0002c37b801618259a386f59251d6033,1.0
0002c87cb9129bf98de74dfd9abd0c50,0.0
0002c8e935aa8845d11eb771587f8c92,0.0
0002cbed1a1f4cddb87fa99a6dfc7625,1.0
0002cd8b6889b452fcf5b2438056f237,1.0
0002d04820450f99fda1588d3d6b11b8,0.0
0002d6c7e11892fb2e15ffe819afb474,0.0
0002d7bcd3d61e39b627ce3d1a5ec504,0.0
0002db0cc3e4172c8401031dc4c15b9a,1.0
0002dc1a844407e334125696f7a4c78e,0.0
0002dd86ed54210a9deab0a2bb610554,1.0
0002df13f24f07fafb917a81e7de7588,1.0
0002e056a4e56acbf6221d5c7feafb71,1.0
0002e071abc1c451ec60cc98b90220b7,0.0
0002e938cd10813caac5d2ba1badf801,1.0
0002e9977908a17ac5c959ed30b859fe,0.0
0002ea34d7d642ac263945a24a22fdca,1.0
0002ef620e9509ece2cd676fbd4c8c15,0.0
0002f0f020c7f3a4fe21bbe8a5f5a99b,1.0
0002f5f3230e185c7268ce887408baa6,0.0
0002f624f0d0d7eedc0f15fb613b1b47,0.0
0002f6256daa20dd446d0d6d3c2e1c7c,0.0
0002f69f5146967b542caf159106eaa5,0.0
0002f7ea45e0f73150c663ba203351f1,1.0
0002f8653055cecaaed522e96066ac2c,1.0
0002f936f8ec6c02bbdc5314c24d8e88,0.0
0002fbbf2ab34d03f5af31a0826041f0,0.0
00030626ca1242e17b3ecd894669a49d,1.0
0003093fbed357be62ad063585053324,0.0
00030c0032ea03ffc20e36d15f3de384,0.0
00030c1d0a54c31c298cb9e71d80cb70,1.0
0003100bc72d1eecf759e77f52a2ef08,1.0
0003149859c4c18930126fce8e6cbc49,1.0
00031595ecd7624b4391cb64d3e58040,1.0
0003177fc6fbcd9a1f2105346e70953f,1.0
00031911a58cc1402f0a25c93e66d5a5,0.0
00031a66db8166ad702d71990cd6e45b,0.0
000320afe6bed41808b98be7d480621d,0.0
000323e7b8f8f10fb21faa598c52efd1,1.0
0003260b7f3eaf353d56b4e302483e6d,0.0
000327e055b5b125cedcfc223e5f24d5,0.0
000328eb5c23078048840e44e0cb5e88,0.0
0003295314a616bb2cb7fa8865c38d2c,0.0
00032976e6d0c70199a42c11441dbde8,0.0
0003299a9f6ab9b94df7d695a76fb5f8,1.0
00032a839843012762c8fea2edc7a3ac,0.0
00032acb2638b0316150a0e492d1ebee,0.0
00032be8a0fc34b373a4108bb858c068,0.0
00032cc4d4ce47427c498ad23c2f6f47,0.0
00032dbf6818e3c7fa5b812ec5accd8f,1.0
00032e3c46db2fbfdf2977da0f2a80cd,1.0
00033e1c4ca7e60b15d940c5ce9250f9,0.0
00034410f7778254dc9c53da81500d9b,1.0
000344555b739392a3c46d84b6153aa9,1.0
000344963bb3ba04ecb6273f68459525,1.0
000345a228bac2fba0cf601b17cd1405,0.0
0003476de8ce16be537d575053ec7d19,0.0
0003492a9451485e8c0a3de6a52634c8,1.0
000349aa614df032e6ee99fb3746d215,0.0
00034afe9bee61846e990cf00b45e1bd,0.0
00034b4986ead10d68177829a53ee238,1.0
00034ba1f7a559fcaed63e9deac2ee4d,0.0
00034be0390e8fb611c76db3d02d1b06,1.0
00034d0cf3ba7cf31b6b9f497cd0ad42,1.0
00034dd3b7999b715dc19e283362f553,1.0
00034e25054edeaacdd9bec77ab4f35c,0.0
000354a7d30d0f2eae6b2319e9853867,1.0
00035562d817f53b365d6a15590ae8c3,1.0
0003588be63ef6fbb17e186cd7563887,0.0
000359d94ece643b2f16b1920b1776e1,0.0
00035c8168cdbf4f81182432eaa732bc,0.0
00035de3ab0919c997849a2ea0b363d6,1.0
00036229449542289c4145902b33a833,0.0
0003640889c4e1c2735f3d3e94f2c04e,0.0
0003640d3eeda33dff532c9f3d9a4a52,0.0
0003693310b7b38d0a4fbe95d4d47d49,0.0
00036b636928257edae7e039393f3aee,0.0
00036cc43ee8b7639938871e43db8d03,0.0
00036e6a7a4473b1ca06bb3224430067,0.0
000371f5ccf2c23806fdb58ed8436886,1.0
000373719ac7230627d16530b8032ee2,1.0
000374a5839ee3de1a857def7dd1eef3,0.0
0003763494856e8826c00082c9d06562,0.0
00037b181c13a1c5d3a6e45436221481,1.0
00037eff0c246d506b9da3625f82d100,0.0
0003800b554d52e6437c2b73fdd9ccb0,1.0
00038160577fc30f8b2ffdd860a95355,1.0
00038782fa9a09ee92058a859f78c4da,1.0
0003881f0554620c740640e0149ae79f,1.0
00038aeaeaabadfa93918dbeaa23ac9b,0.0
00038f3badb6bb3ea1be62fccca7466e,1.0
00038ffd86c895ed84b68389092871bd,1.0
000394f0df0dc6cbf766c15155f0957a,1.0
00039533a782edb31dda76d15b515479,1.0
0003956ce5084e038d3eb893a85c972f,1.0
000395ddb22efa94133ce30e9e747976,1.0
000396057faaf9c6ac1b4b9d44dabefa,1.0
00039a8e889433dc2b8fbaf735e5f9bd,1.0
00039b1320a45c640fb3e4feec892a36,0.0
00039d5c73e5b7e96f4ae273bcb9be9f,1.0
00039edec82d489c4200fa25d89f5809,1.0
00039f551e37bee7c45cc1869bb7bcbd,0.0
0003a46c21655cbb01d854a7d9334301,1.0
0003a4725b73feee6b9cfdfe60837a79,0.0
0003a61401c1f6eb2a74c72e9cdb49c3,1.0
0003a6ac9405f2961093ba6869416e25,0.0
0003a79ee4c79292cd638f46b228c244,1.0
0003a9f74b19b9081185887cb28e88a9,0.0
0003aaeaef03630c4c9de0d3d6a5c887,1.0
0003acc879990ec6ad7a13ed79507b6f,1.0
0003add4df20fa999fe04369a91825c7,1.0
